algorithm,input_type,n,median_ns,min_ns,max_ns,max_depth,operations,metric
MergeSort,random,100,27000,26300,34700,4,672,comparisons
QuickSort,random,100,45600,39500,92200,4,942,comparisons
Select,random,100,32600,27900,59600,5,764,comparisons
ClosestPair,random,100,209000,163500,375200,7,125,distance_checks
MergeSort,sorted,100,20700,19400,22800,4,244,comparisons
QuickSort,sorted,100,11100,10700,11900,4,1143,comparisons
Select,sorted,100,4900,3300,6200,6,632,comparisons
ClosestPair,sorted,100,54800,32700,128800,7,125,distance_checks
MergeSort,reverse,100,7100,6100,8600,4,724,comparisons
QuickSort,reverse,100,11600,10000,12700,4,1388,comparisons
Select,reverse,100,7200,6300,7500,5,759,comparisons
ClosestPair,reverse,100,46100,42800,52000,7,125,distance_checks
MergeSort,duplicates,100,6300,5600,17100,4,653,comparisons
QuickSort,duplicates,100,5000,3500,5200,3,599,comparisons
Select,duplicates,100,2500,2400,3000,3,363,comparisons
ClosestPair,duplicates,100,140900,129700,145200,7,94,distance_checks
MergeSort,random,1000,107200,103400,117200,7,10191,comparisons
QuickSort,random,1000,222000,190500,340600,6,18277,comparisons
Select,random,1000,98000,94400,107300,9,9480,comparisons
ClosestPair,random,1000,1374500,764000,2690100,10,1119,distance_checks
MergeSort,sorted,1000,89200,62500,151600,7,3956,comparisons
QuickSort,sorted,1000,48300,43200,54500,6,17673,comparisons
Select,sorted,1000,183000,170300,293000,8,6853,comparisons
ClosestPair,sorted,1000,454200,407600,545600,10,1119,distance_checks
MergeSort,reverse,1000,394600,60400,482900,7,10300,comparisons
QuickSort,reverse,1000,54900,52500,57900,6,18738,comparisons
Select,reverse,1000,58100,54700,231000,9,9255,comparisons
ClosestPair,reverse,1000,1192300,1164200,1252100,10,1119,distance_checks
MergeSort,duplicates,1000,359500,248500,547600,7,9659,comparisons
QuickSort,duplicates,1000,10000,9100,12300,2,5302,comparisons
Select,duplicates,1000,22500,21600,25300,5,3715,comparisons
ClosestPair,duplicates,1000,1003500,822600,1374800,10,536,distance_checks
MergeSort,random,5000,1935200,1862500,1977400,10,58695,comparisons
QuickSort,random,5000,571600,513700,650700,8,112364,comparisons
Select,random,5000,437700,370400,448500,11,48001,comparisons
ClosestPair,random,5000,8511500,3925900,9564900,12,6429,distance_checks
MergeSort,sorted,5000,202100,176400,216000,10,27124,comparisons
QuickSort,sorted,5000,396700,334100,2550100,7,103949,comparisons
Select,sorted,5000,416900,275700,459900,11,37343,comparisons
ClosestPair,sorted,5000,1042800,988000,1260000,12,6429,distance_checks
MergeSort,reverse,5000,250600,171100,321200,10,44324,comparisons
QuickSort,reverse,5000,308300,264400,403900,7,119452,comparisons
Select,reverse,5000,348500,237100,392500,12,48979,comparisons
ClosestPair,reverse,5000,1448300,1174200,1570400,12,6429,distance_checks
MergeSort,duplicates,5000,199900,196200,207200,10,55955,comparisons
QuickSort,duplicates,5000,83800,72600,89100,2,30100,comparisons
Select,duplicates,5000,79300,72000,87100,6,19284,comparisons
ClosestPair,duplicates,5000,3726800,3177600,5587800,12,3856,distance_checks
MergeSort,random,10000,768000,734100,989300,11,127118,comparisons
QuickSort,random,10000,845600,836700,911400,9,224613,comparisons
Select,random,10000,371200,364600,401900,12,98825,comparisons
ClosestPair,random,10000,8482300,7479200,12378100,13,13042,distance_checks
MergeSort,sorted,10000,377500,309200,402700,11,59248,comparisons
QuickSort,sorted,10000,724100,666600,744100,9,238354,comparisons
Select,sorted,10000,146300,138900,153000,12,72142,comparisons
ClosestPair,sorted,10000,2619800,2585100,2681800,13,13042,distance_checks
MergeSort,reverse,10000,500400,498800,511000,11,93648,comparisons
QuickSort,reverse,10000,701700,547000,761100,9,248292,comparisons
Select,reverse,10000,319900,219200,397800,12,99623,comparisons
ClosestPair,reverse,10000,2799700,2249700,3239300,13,13042,distance_checks
MergeSort,duplicates,10000,478000,470000,651500,11,121710,comparisons
QuickSort,duplicates,10000,138000,137400,141900,3,54065,comparisons
Select,duplicates,10000,140600,135600,267900,6,37050,comparisons
ClosestPair,duplicates,10000,4300500,3971500,6141800,13,7712,distance_checks
MergeSort,random,50000,5219700,4417300,5495200,13,769830,comparisons
QuickSort,random,50000,4983100,4921700,5285400,10,1467135,comparisons
Select,random,50000,2668500,2056500,2789400,14,503346,comparisons
ClosestPair,random,50000,27592900,26319000,38560200,16,71212,distance_checks
MergeSort,sorted,50000,1262400,1239700,2206300,13,347008,comparisons
QuickSort,sorted,50000,3180900,3085100,3246000,10,1495241,comparisons
Select,sorted,50000,807600,791000,813000,14,382899,comparisons
ClosestPair,sorted,50000,15220000,13587500,22476500,16,71212,distance_checks
MergeSort,reverse,50000,1682300,1635400,1807700,13,579408,comparisons
QuickSort,reverse,50000,2958300,2881100,3614700,11,1478856,comparisons
Select,reverse,50000,1096900,1075300,1166100,15,503193,comparisons
ClosestPair,reverse,50000,14381800,13376400,19633700,16,71212,distance_checks
MergeSort,duplicates,50000,2607800,2570900,2769800,13,734279,comparisons
QuickSort,duplicates,50000,821600,743200,1152800,2,244747,comparisons
Select,duplicates,50000,982800,890500,1349900,8,215682,comparisons
ClosestPair,duplicates,50000,22939600,20074000,30736000,16,48304,distance_checks
MergeSort,random,100000,9074200,8984600,9571600,14,1639491,comparisons
QuickSort,random,100000,10778600,10474200,13166700,10,3473571,comparisons
Select,random,100000,3885900,3820100,3998100,16,1004782,comparisons
ClosestPair,random,100000,62167400,57678000,79274200,17,142584,distance_checks
MergeSort,sorted,100000,2832100,2698700,3151100,14,744016,comparisons
QuickSort,sorted,100000,6673900,6570400,6902500,11,3310309,comparisons
Select,sorted,100000,1553600,1527800,1643300,16,736970,comparisons
ClosestPair,sorted,100000,37763300,30888500,58940600,17,142584,distance_checks
MergeSort,reverse,100000,3460000,3361300,4042200,14,1208816,comparisons
QuickSort,reverse,100000,6765400,6435300,7718500,11,3311281,comparisons
Select,reverse,100000,2176700,2150800,2235600,16,1015440,comparisons
ClosestPair,reverse,100000,31473700,29466000,36613100,17,142584,distance_checks
MergeSort,duplicates,100000,5229200,5169600,5277000,14,1562751,comparisons
QuickSort,duplicates,100000,1501800,1472800,1531400,2,549862,comparisons
Select,duplicates,100000,1622900,1573200,1642100,8,386716,comparisons
ClosestPair,duplicates,100000,43782100,40544100,64676100,17,96608,distance_checks
